State/Region,No. of facilities,Total no. of quaranitine people,Date,Remark
Ayeyarwaddy,317,2235,3/4/2020,Coronavirus Disease 2019 (COVID-19) Situation Report -1 (4-4-2020)
Ayeyarwaddy,317,2768,4/4/2020,Coronavirus Disease 2019 (COVID-19) Situation Report -2 (5-4-2020)
Ayeyarwaddy,391,2786,7/4/2020,Coronavirus Disease 2019 (COVID-19) Situation Report -3 (7-4-2020)
Ayeyarwaddy,416,2470,9/4/2020,Coronavirus Disease 2019 (COVID-19) Situation Report 4 (9-4-2020)
Ayeyarwaddy,416,2470,10/4/2020,Coronavirus Disease 2019 (COVID-19) Situation Report 5 (10-4-2020)
Ayeyarwaddy,416,2470,11/4/2020,Coronavirus Disease 2019 (COVID-19) Situation Report 6 (10-4-2020)
Ayeyarwaddy,405,1613,12/4/2020,Coronavirus Disease 2019 (COVID-19) Situation Report 7 (12-4-2020)
Ayeyarwaddy,314,1355,13/4/2020,Coronavirus Disease 2019 (COVID-19) Situation Report 8 (13-4-2020)
Ayeyarwaddy,211,1200,14/4/2020,Coronavirus Disease 2019 (COVID-19) Situation Report 9 (14-4-2020)
Ayeyarwaddy,208,1059,15/4/2020,Coronavirus Disease 2019 (COVID-19) Situation Report 10 (15-4-2020)
Ayeyarwaddy,208,976,16/4/2020,Coronavirus Disease 2019 (COVID-19) Situation Report 11 (16-4-2020)
Ayeyarwaddy,212,929,18/4/2020,Coronavirus Disease 2019 (COVID-19) Situation Report 12 (18-4-2020)
Ayeyarwaddy,222,933,19/4/2020,Coronavirus Disease 2019 (COVID-19) Situation Report 13 (19-4-2020)
Ayeyarwaddy,222,899,20/4/2020,Coronavirus Disease 2019 (COVID-19) Situation Report 14 (20-4-2020)
Bago,911,8373,3/4/2020,Coronavirus Disease 2019 (COVID-19) Situation Report -1 (4-4-2020)
Bago,996,8867,4/4/2020,Coronavirus Disease 2019 (COVID-19) Situation Report -2 (5-4-2020)
Bago,1040,8989,7/4/2020,Coronavirus Disease 2019 (COVID-19) Situation Report -3 (7-4-2020)
Bago,1025,9440,9/4/2020,Coronavirus Disease 2019 (COVID-19) Situation Report 4 (9-4-2020)
Bago,996,8575,10/4/2020,Coronavirus Disease 2019 (COVID-19) Situation Report 5 (10-4-2020)
Bago,996,8575,11/4/2020,Coronavirus Disease 2019 (COVID-19) Situation Report 6 (10-4-2020)
Bago,996,6027,12/4/2020,Coronavirus Disease 2019 (COVID-19) Situation Report 7 (12-4-2020)
Bago,873,5402,13/4/2020,Coronavirus Disease 2019 (COVID-19) Situation Report 8 (13-4-2020)
Bago,817,5418,14/4/2020,Coronavirus Disease 2019 (COVID-19) Situation Report 9 (14-4-2020)
Bago,817,5418,15/4/2020,Coronavirus Disease 2019 (COVID-19) Situation Report 10 (15-4-2020)
Bago,751,5405,16/4/2020,Coronavirus Disease 2019 (COVID-19) Situation Report 11 (16-4-2020)
Bago,756,5623,18/4/2020,Coronavirus Disease 2019 (COVID-19) Situation Report 12 (18-4-2020)
Bago,756,5327,19/4/2020,Coronavirus Disease 2019 (COVID-19) Situation Report 13 (19-4-2020)
Bago,756,5327,20/4/2020,Coronavirus Disease 2019 (COVID-19) Situation Report 14 (20-4-2020)
Chin,16,0,3/4/2020,Coronavirus Disease 2019 (COVID-19) Situation Report -1 (4-4-2020)
Chin,16,0,4/4/2020,Coronavirus Disease 2019 (COVID-19) Situation Report -2 (5-4-2020)
Chin,17,40,7/4/2020,Coronavirus Disease 2019 (COVID-19) Situation Report -3 (7-4-2020)
Chin,17,45,9/4/2020,Coronavirus Disease 2019 (COVID-19) Situation Report 4 (9-4-2020)
Chin,17,45,10/4/2020,Coronavirus Disease 2019 (COVID-19) Situation Report 5 (10-4-2020)
Chin,17,46,11/4/2020,Coronavirus Disease 2019 (COVID-19) Situation Report 6 (10-4-2020)
Chin,17,47,12/4/2020,Coronavirus Disease 2019 (COVID-19) Situation Report 7 (12-4-2020)
Chin,17,55,13/4/2020,Coronavirus Disease 2019 (COVID-19) Situation Report 8 (13-4-2020)
Chin,17,61,14/4/2020,Coronavirus Disease 2019 (COVID-19) Situation Report 9 (14-4-2020)
Chin,17,83,15/4/2020,Coronavirus Disease 2019 (COVID-19) Situation Report 10 (15-4-2020)
Chin,17,94,16/4/2020,Coronavirus Disease 2019 (COVID-19) Situation Report 11 (16-4-2020)
Chin,22,107,18/4/2020,Coronavirus Disease 2019 (COVID-19) Situation Report 12 (18-4-2020)
Chin,22,123,19/4/2020,Coronavirus Disease 2019 (COVID-19) Situation Report 13 (19-4-2020)
Chin,22,126,20/4/2020,Coronavirus Disease 2019 (COVID-19) Situation Report 14 (20-4-2020)
Kachin,152,3480,3/4/2020,Coronavirus Disease 2019 (COVID-19) Situation Report -1 (4-4-2020)
Kachin,152,3480,4/4/2020,Coronavirus Disease 2019 (COVID-19) Situation Report -2 (5-4-2020)
Kachin,214,4883,7/4/2020,Coronavirus Disease 2019 (COVID-19) Situation Report -3 (7-4-2020)
Kachin,238,5381,9/4/2020,Coronavirus Disease 2019 (COVID-19) Situation Report 4 (9-4-2020)
Kachin,263,5447,10/4/2020,Coronavirus Disease 2019 (COVID-19) Situation Report 5 (10-4-2020)
Kachin,268,5761,11/4/2020,Coronavirus Disease 2019 (COVID-19) Situation Report 6 (10-4-2020)
Kachin,268,5863,12/4/2020,Coronavirus Disease 2019 (COVID-19) Situation Report 7 (12-4-2020)
Kachin,277,6006,13/4/2020,Coronavirus Disease 2019 (COVID-19) Situation Report 8 (13-4-2020)
Kachin,282,6181,14/4/2020,Coronavirus Disease 2019 (COVID-19) Situation Report 9 (14-4-2020)
Kachin,286,3198,15/4/2020,Coronavirus Disease 2019 (COVID-19) Situation Report 10 (15-4-2020)
Kachin,289,3286,16/4/2020,Coronavirus Disease 2019 (COVID-19) Situation Report 11 (16-4-2020)
Kachin,333,3713,18/4/2020,Coronavirus Disease 2019 (COVID-19) Situation Report 12 (18-4-2020)
Kachin,333,4277,19/4/2020,Coronavirus Disease 2019 (COVID-19) Situation Report 13 (19-4-2020)
Kachin,333,4688,20/4/2020,Coronavirus Disease 2019 (COVID-19) Situation Report 14 (20-4-2020)
Kayin,426,3199,19/4/2020,Coronavirus Disease 2019 (COVID-19) Situation Report 13 (19-4-2020)
Kayin,425,3201,20/4/2020,Coronavirus Disease 2019 (COVID-19) Situation Report 14 (20-4-2020)
Kayah,19,496,3/4/2020,Coronavirus Disease 2019 (COVID-19) Situation Report -1 (4-4-2020)
Kayah,19,496,4/4/2020,Coronavirus Disease 2019 (COVID-19) Situation Report -2 (5-4-2020)
Kayah,17,370,7/4/2020,Coronavirus Disease 2019 (COVID-19) Situation Report -3 (7-4-2020)
Kayah,17,141,9/4/2020,Coronavirus Disease 2019 (COVID-19) Situation Report 4 (9-4-2020)
Kayah,17,89,10/4/2020,Coronavirus Disease 2019 (COVID-19) Situation Report 5 (10-4-2020)
Kayah,17,76,11/4/2020,Coronavirus Disease 2019 (COVID-19) Situation Report 6 (10-4-2020)
Kayah,17,69,12/4/2020,Coronavirus Disease 2019 (COVID-19) Situation Report 7 (12-4-2020)
Kayah,17,64,13/4/2020,Coronavirus Disease 2019 (COVID-19) Situation Report 8 (13-4-2020)
Kayah,15,71,14/4/2020,Coronavirus Disease 2019 (COVID-19) Situation Report 9 (14-4-2020)
Kayah,15,161,15/4/2020,Coronavirus Disease 2019 (COVID-19) Situation Report 10 (15-4-2020)
Kayah,15,165,16/4/2020,Coronavirus Disease 2019 (COVID-19) Situation Report 11 (16-4-2020)
Kayah,18,123,18/4/2020,Coronavirus Disease 2019 (COVID-19) Situation Report 12 (18-4-2020)
Kayah,18,133,19/4/2020,Coronavirus Disease 2019 (COVID-19) Situation Report 13 (19-4-2020)
Kayah,18,109,20/4/2020,Coronavirus Disease 2019 (COVID-19) Situation Report 14 (20-4-2020)
Kayin,25,2402,3/4/2020,Coronavirus Disease 2019 (COVID-19) Situation Report -1 (4-4-2020)
Kayin,25,2402,4/4/2020,Coronavirus Disease 2019 (COVID-19) Situation Report -2 (5-4-2020)
Kayin,35,2746,7/4/2020,Coronavirus Disease 2019 (COVID-19) Situation Report -3 (7-4-2020)
Kayin,35,2811,9/4/2020,Coronavirus Disease 2019 (COVID-19) Situation Report 4 (9-4-2020)
Kayin,35,3101,10/4/2020,Coronavirus Disease 2019 (COVID-19) Situation Report 5 (10-4-2020)
Kayin,35,3101,11/4/2020,Coronavirus Disease 2019 (COVID-19) Situation Report 6 (10-4-2020)
Kayin,35,1925,12/4/2020,Coronavirus Disease 2019 (COVID-19) Situation Report 7 (12-4-2020)
Kayin,418,3233,13/4/2020,Coronavirus Disease 2019 (COVID-19) Situation Report 8 (13-4-2020)
Kayin,419,3097,14/4/2020,Coronavirus Disease 2019 (COVID-19) Situation Report 9 (14-4-2020)
Kayin,421,3164,15/4/2020,Coronavirus Disease 2019 (COVID-19) Situation Report 10 (15-4-2020)
Kayin,420,3172,16/4/2020,Coronavirus Disease 2019 (COVID-19) Situation Report 11 (16-4-2020)
Kayin,422,3193,18/4/2020,Coronavirus Disease 2019 (COVID-19) Situation Report 12 (18-4-2020)
Magway,74,7399,3/4/2020,Coronavirus Disease 2019 (COVID-19) Situation Report -1 (4-4-2020)
Magway,73,12546,4/4/2020,Coronavirus Disease 2019 (COVID-19) Situation Report -2 (5-4-2020)
Magway,73,12546,7/4/2020,Coronavirus Disease 2019 (COVID-19) Situation Report -3 (7-4-2020)
Magway,73,13980,9/4/2020,Coronavirus Disease 2019 (COVID-19) Situation Report 4 (9-4-2020)
Magway,73,13980,10/4/2020,Coronavirus Disease 2019 (COVID-19) Situation Report 5 (10-4-2020)
Magway,73,13980,11/4/2020,Coronavirus Disease 2019 (COVID-19) Situation Report 6 (10-4-2020)
Magway,73,13980,12/4/2020,Coronavirus Disease 2019 (COVID-19) Situation Report 7 (12-4-2020)
Magway,73,13787,13/4/2020,Coronavirus Disease 2019 (COVID-19) Situation Report 8 (13-4-2020)
Magway,73,8696,14/4/2020,Coronavirus Disease 2019 (COVID-19) Situation Report 9 (14-4-2020)
Magway,1879,8696,15/4/2020,Coronavirus Disease 2019 (COVID-19) Situation Report 10 (15-4-2020)
Magway,1880,10299,16/4/2020,Coronavirus Disease 2019 (COVID-19) Situation Report 11 (16-4-2020)
Magway,2694,9810,18/4/2020,Coronavirus Disease 2019 (COVID-19) Situation Report 12 (18-4-2020)
Magway,2694,9810,19/4/2020,Coronavirus Disease 2019 (COVID-19) Situation Report 13 (19-4-2020)
Magway,2694,18242,20/4/2020,Coronavirus Disease 2019 (COVID-19) Situation Report 14 (20-4-2020)
Mandalay,804,5337,3/4/2020,Coronavirus Disease 2019 (COVID-19) Situation Report -1 (4-4-2020)
Mandalay,883,5995,4/4/2020,Coronavirus Disease 2019 (COVID-19) Situation Report -2 (5-4-2020)
Mandalay,933,6577,7/4/2020,Coronavirus Disease 2019 (COVID-19) Situation Report -3 (7-4-2020)
Mandalay,933,6735,9/4/2020,Coronavirus Disease 2019 (COVID-19) Situation Report 4 (9-4-2020)
Mandalay,933,6735,10/4/2020,Coronavirus Disease 2019 (COVID-19) Situation Report 5 (10-4-2020)
Mandalay,933,5972,11/4/2020,Coronavirus Disease 2019 (COVID-19) Situation Report 6 (10-4-2020)
Mandalay,933,5178,12/4/2020,Coronavirus Disease 2019 (COVID-19) Situation Report 7 (12-4-2020)
Mandalay,804,4602,13/4/2020,Coronavirus Disease 2019 (COVID-19) Situation Report 8 (13-4-2020)
Mandalay,804,4602,14/4/2020,Coronavirus Disease 2019 (COVID-19) Situation Report 9 (14-4-2020)
Mandalay,795,4476,15/4/2020,Coronavirus Disease 2019 (COVID-19) Situation Report 10 (15-4-2020)
Mandalay,765,4364,16/4/2020,Coronavirus Disease 2019 (COVID-19) Situation Report 11 (16-4-2020)
Mandalay,779,4286,18/4/2020,Coronavirus Disease 2019 (COVID-19) Situation Report 12 (18-4-2020)
Mandalay,784,4289,19/4/2020,Coronavirus Disease 2019 (COVID-19) Situation Report 13 (19-4-2020)
Mandalay,784,4308,20/4/2020,Coronavirus Disease 2019 (COVID-19) Situation Report 14 (20-4-2020)
Mon,435,7674,3/4/2020,Coronavirus Disease 2019 (COVID-19) Situation Report -1 (4-4-2020)
Mon,476,8597,4/4/2020,Coronavirus Disease 2019 (COVID-19) Situation Report -2 (5-4-2020)
Mon,479,8724,7/4/2020,Coronavirus Disease 2019 (COVID-19) Situation Report -3 (7-4-2020)
Mon,484,4728,9/4/2020,Coronavirus Disease 2019 (COVID-19) Situation Report 4 (9-4-2020)
Mon,484,4728,10/4/2020,Coronavirus Disease 2019 (COVID-19) Situation Report 5 (10-4-2020)
Mon,484,2670,11/4/2020,Coronavirus Disease 2019 (COVID-19) Situation Report 6 (10-4-2020)
Mon,484,2670,12/4/2020,Coronavirus Disease 2019 (COVID-19) Situation Report 7 (12-4-2020)
Mon,486,1922,13/4/2020,Coronavirus Disease 2019 (COVID-19) Situation Report 8 (13-4-2020)
Mon,169,1745,14/4/2020,Coronavirus Disease 2019 (COVID-19) Situation Report 9 (14-4-2020)
Mon,169,1745,15/4/2020,Coronavirus Disease 2019 (COVID-19) Situation Report 10 (15-4-2020)
Mon,486,1826,16/4/2020,Coronavirus Disease 2019 (COVID-19) Situation Report 11 (16-4-2020)
Mon,152,1813,18/4/2020,Coronavirus Disease 2019 (COVID-19) Situation Report 12 (18-4-2020)
Mon,151,1823,19/4/2020,Coronavirus Disease 2019 (COVID-19) Situation Report 13 (19-4-2020)
Mon,149,1827,20/4/2020,Coronavirus Disease 2019 (COVID-19) Situation Report 14 (20-4-2020)
Naypyitaw,5,667,3/4/2020,Coronavirus Disease 2019 (COVID-19) Situation Report -1 (4-4-2020)
Naypyitaw,5,799,4/4/2020,Coronavirus Disease 2019 (COVID-19) Situation Report -2 (5-4-2020)
Naypyitaw,5,809,7/4/2020,Coronavirus Disease 2019 (COVID-19) Situation Report -3 (7-4-2020)
Naypyitaw,6,1059,9/4/2020,Coronavirus Disease 2019 (COVID-19) Situation Report 4 (9-4-2020)
Naypyitaw,6,1040,10/4/2020,Coronavirus Disease 2019 (COVID-19) Situation Report 5 (10-4-2020)
Naypyitaw,6,1022,11/4/2020,Coronavirus Disease 2019 (COVID-19) Situation Report 6 (10-4-2020)
Naypyitaw,6,972,12/4/2020,Coronavirus Disease 2019 (COVID-19) Situation Report 7 (12-4-2020)
Naypyitaw,6,936,13/4/2020,Coronavirus Disease 2019 (COVID-19) Situation Report 8 (13-4-2020)
Naypyitaw,3,968,14/4/2020,Coronavirus Disease 2019 (COVID-19) Situation Report 9 (14-4-2020)
Naypyitaw,3,976,15/4/2020,Coronavirus Disease 2019 (COVID-19) Situation Report 10 (15-4-2020)
Naypyitaw,3,986,16/4/2020,Coronavirus Disease 2019 (COVID-19) Situation Report 11 (16-4-2020)
Naypyitaw,3,1013,18/4/2020,Coronavirus Disease 2019 (COVID-19) Situation Report 12 (18-4-2020)
Naypyitaw,3,1020,19/4/2020,Coronavirus Disease 2019 (COVID-19) Situation Report 13 (19-4-2020)
Naypyitaw,3,1064,20/4/2020,Coronavirus Disease 2019 (COVID-19) Situation Report 14 (20-4-2020)
Rakhine,9,245,3/4/2020,Coronavirus Disease 2019 (COVID-19) Situation Report -1 (4-4-2020)
Rakhine,9,245,4/4/2020,Coronavirus Disease 2019 (COVID-19) Situation Report -2 (5-4-2020)
Rakhine,17,331,7/4/2020,Coronavirus Disease 2019 (COVID-19) Situation Report -3 (7-4-2020)
Rakhine,76,447,9/4/2020,Coronavirus Disease 2019 (COVID-19) Situation Report 4 (9-4-2020)
Rakhine,109,664,10/4/2020,Coronavirus Disease 2019 (COVID-19) Situation Report 5 (10-4-2020)
Rakhine,129,846,11/4/2020,Coronavirus Disease 2019 (COVID-19) Situation Report 6 (10-4-2020)
Rakhine,129,846,12/4/2020,Coronavirus Disease 2019 (COVID-19) Situation Report 7 (12-4-2020)
Rakhine,130,724,13/4/2020,Coronavirus Disease 2019 (COVID-19) Situation Report 8 (13-4-2020)
Rakhine,139,737,14/4/2020,Coronavirus Disease 2019 (COVID-19) Situation Report 9 (14-4-2020)
Rakhine,139,737,15/4/2020,Coronavirus Disease 2019 (COVID-19) Situation Report 10 (15-4-2020)
Rakhine,136,806,16/4/2020,Coronavirus Disease 2019 (COVID-19) Situation Report 11 (16-4-2020)
Rakhine,144,897,18/4/2020,Coronavirus Disease 2019 (COVID-19) Situation Report 12 (18-4-2020)
Rakhine,144,895,19/4/2020,Coronavirus Disease 2019 (COVID-19) Situation Report 13 (19-4-2020)
Rakhine,144,1015,20/4/2020,Coronavirus Disease 2019 (COVID-19) Situation Report 14 (20-4-2020)
Sagaing,1231,5281,3/4/2020,Coronavirus Disease 2019 (COVID-19) Situation Report -1 (4-4-2020)
Sagaing,1231,5281,4/4/2020,Coronavirus Disease 2019 (COVID-19) Situation Report -2 (5-4-2020)
Sagaing,1293,11871,7/4/2020,Coronavirus Disease 2019 (COVID-19) Situation Report -3 (7-4-2020)
Sagaing,6889,19190,9/4/2020,Coronavirus Disease 2019 (COVID-19) Situation Report 4 (9-4-2020)
Sagaing,6889,19913,10/4/2020,Coronavirus Disease 2019 (COVID-19) Situation Report 5 (10-4-2020)
Sagaing,6889,20696,11/4/2020,Coronavirus Disease 2019 (COVID-19) Situation Report 6 (10-4-2020)
Sagaing,6889,17266,12/4/2020,Coronavirus Disease 2019 (COVID-19) Situation Report 7 (12-4-2020)
Sagaing,1446,4820,13/4/2020,Coronavirus Disease 2019 (COVID-19) Situation Report 8 (13-4-2020)
Sagaing,1446,17039,14/4/2020,Coronavirus Disease 2019 (COVID-19) Situation Report 9 (14-4-2020)
Sagaing,1446,15518,15/4/2020,Coronavirus Disease 2019 (COVID-19) Situation Report 10 (15-4-2020)
Sagaing,1446,4637,16/4/2020,Coronavirus Disease 2019 (COVID-19) Situation Report 11 (16-4-2020)
Sagaing,1446,5446,18/4/2020,Coronavirus Disease 2019 (COVID-19) Situation Report 12 (18-4-2020)
Sagaing,1446,6028,19/4/2020,Coronavirus Disease 2019 (COVID-19) Situation Report 13 (19-4-2020)
Sagaing,1446,6692,20/4/2020,Coronavirus Disease 2019 (COVID-19) Situation Report 14 (20-4-2020)
Shan (E),590,4160,3/4/2020,Coronavirus Disease 2019 (COVID-19) Situation Report -1 (4-4-2020)
Shan (E),590,4160,4/4/2020,Coronavirus Disease 2019 (COVID-19) Situation Report -2 (5-4-2020)
Shan (E),12,233,7/4/2020,Coronavirus Disease 2019 (COVID-19) Situation Report -3 (7-4-2020)
Shan (E),21,1104,9/4/2020,Coronavirus Disease 2019 (COVID-19) Situation Report 4 (9-4-2020)
Shan (E),21,1104,10/4/2020,Coronavirus Disease 2019 (COVID-19) Situation Report 5 (10-4-2020)
Shan (E),26,1214,11/4/2020,Coronavirus Disease 2019 (COVID-19) Situation Report 6 (10-4-2020)
Shan (E),26,1214,12/4/2020,Coronavirus Disease 2019 (COVID-19) Situation Report 7 (12-4-2020)
Shan (E),20,973,13/4/2020,Coronavirus Disease 2019 (COVID-19) Situation Report 8 (13-4-2020)
Shan (E),21,935,14/4/2020,Coronavirus Disease 2019 (COVID-19) Situation Report 9 (14-4-2020)
Shan (E),21,935,15/4/2020,Coronavirus Disease 2019 (COVID-19) Situation Report 10 (15-4-2020)
Shan (E),21,935,16/4/2020,Coronavirus Disease 2019 (COVID-19) Situation Report 11 (16-4-2020)
Shan (E),22,902,18/4/2020,Coronavirus Disease 2019 (COVID-19) Situation Report 12 (18-4-2020)
Shan (E),22,961,19/4/2020,Coronavirus Disease 2019 (COVID-19) Situation Report 13 (19-4-2020)
Shan (E),22,972,20/4/2020,Coronavirus Disease 2019 (COVID-19) Situation Report 14 (20-4-2020)
Shan (N),61,5957,3/4/2020,Coronavirus Disease 2019 (COVID-19) Situation Report -1 (4-4-2020)
Shan (N),61,5957,4/4/2020,Coronavirus Disease 2019 (COVID-19) Situation Report -2 (5-4-2020)
Shan (N),164,3489,7/4/2020,Coronavirus Disease 2019 (COVID-19) Situation Report -3 (7-4-2020)
Shan (N),268,1034,9/4/2020,Coronavirus Disease 2019 (COVID-19) Situation Report 4 (9-4-2020)
Shan (N),268,1074,10/4/2020,Coronavirus Disease 2019 (COVID-19) Situation Report 5 (10-4-2020)
Shan (N),268,1269,11/4/2020,Coronavirus Disease 2019 (COVID-19) Situation Report 6 (10-4-2020)
Shan (N),268,1269,12/4/2020,Coronavirus Disease 2019 (COVID-19) Situation Report 7 (12-4-2020)
Shan (N),200,1561,13/4/2020,Coronavirus Disease 2019 (COVID-19) Situation Report 8 (13-4-2020)
Shan (N),205,1426,14/4/2020,Coronavirus Disease 2019 (COVID-19) Situation Report 9 (14-4-2020)
Shan (N),208,1260,15/4/2020,Coronavirus Disease 2019 (COVID-19) Situation Report 10 (15-4-2020)
Shan (N),208,1260,16/4/2020,Coronavirus Disease 2019 (COVID-19) Situation Report 11 (16-4-2020)
Shan (N),282,1654,18/4/2020,Coronavirus Disease 2019 (COVID-19) Situation Report 12 (18-4-2020)
Shan (N),282,1805,19/4/2020,Coronavirus Disease 2019 (COVID-19) Situation Report 13 (19-4-2020)
Shan (N),282,2087,20/4/2020,Coronavirus Disease 2019 (COVID-19) Situation Report 14 (20-4-2020)
Shan (S),256,2262,3/4/2020,Coronavirus Disease 2019 (COVID-19) Situation Report -1 (4-4-2020)
Shan (S),256,2262,4/4/2020,Coronavirus Disease 2019 (COVID-19) Situation Report -2 (5-4-2020)
Shan (S),284,3329,7/4/2020,Coronavirus Disease 2019 (COVID-19) Situation Report -3 (7-4-2020)
Shan (S),284,2602,9/4/2020,Coronavirus Disease 2019 (COVID-19) Situation Report 4 (9-4-2020)
Shan (S),284,2897,10/4/2020,Coronavirus Disease 2019 (COVID-19) Situation Report 5 (10-4-2020)
Shan (S),284,2510,11/4/2020,Coronavirus Disease 2019 (COVID-19) Situation Report 6 (10-4-2020)
Shan (S),423,2005,12/4/2020,Coronavirus Disease 2019 (COVID-19) Situation Report 7 (12-4-2020)
Shan (S),424,1626,13/4/2020,Coronavirus Disease 2019 (COVID-19) Situation Report 8 (13-4-2020)
Shan (S),221,1641,14/4/2020,Coronavirus Disease 2019 (COVID-19) Situation Report 9 (14-4-2020)
Shan (S),218,1655,15/4/2020,Coronavirus Disease 2019 (COVID-19) Situation Report 10 (15-4-2020)
Shan (S),218,1643,16/4/2020,Coronavirus Disease 2019 (COVID-19) Situation Report 11 (16-4-2020)
Shan (S),218,1701,18/4/2020,Coronavirus Disease 2019 (COVID-19) Situation Report 12 (18-4-2020)
Shan (S),219,1681,19/4/2020,Coronavirus Disease 2019 (COVID-19) Situation Report 13 (19-4-2020)
Shan (S),219,1690,20/4/2020,Coronavirus Disease 2019 (COVID-19) Situation Report 14 (20-4-2020)
Tanintharyi,317,0,3/4/2020,Coronavirus Disease 2019 (COVID-19) Situation Report -1 (4-4-2020)
Tanintharyi,317,0,4/4/2020,Coronavirus Disease 2019 (COVID-19) Situation Report -2 (5-4-2020)
Tanintharyi,25,3635,7/4/2020,Coronavirus Disease 2019 (COVID-19) Situation Report -3 (7-4-2020)
Tanintharyi,228,1278,9/4/2020,Coronavirus Disease 2019 (COVID-19) Situation Report 4 (9-4-2020)
Tanintharyi,228,1144,10/4/2020,Coronavirus Disease 2019 (COVID-19) Situation Report 5 (10-4-2020)
Tanintharyi,228,1137,11/4/2020,Coronavirus Disease 2019 (COVID-19) Situation Report 6 (10-4-2020)
Tanintharyi,228,1110,12/4/2020,Coronavirus Disease 2019 (COVID-19) Situation Report 7 (12-4-2020)
Tanintharyi,228,1067,13/4/2020,Coronavirus Disease 2019 (COVID-19) Situation Report 8 (13-4-2020)
Tanintharyi,228,969,14/4/2020,Coronavirus Disease 2019 (COVID-19) Situation Report 9 (14-4-2020)
Tanintharyi,228,845,15/4/2020,Coronavirus Disease 2019 (COVID-19) Situation Report 10 (15-4-2020)
Tanintharyi,228,807,16/4/2020,Coronavirus Disease 2019 (COVID-19) Situation Report 11 (16-4-2020)
Tanintharyi,228,769,18/4/2020,Coronavirus Disease 2019 (COVID-19) Situation Report 12 (18-4-2020)
Tanintharyi,228,769,19/4/2020,Coronavirus Disease 2019 (COVID-19) Situation Report 13 (19-4-2020)
Tanintharyi,228,674,20/4/2020,Coronavirus Disease 2019 (COVID-19) Situation Report 14 (20-4-2020)
Yangon,26,2644,3/4/2020,Coronavirus Disease 2019 (COVID-19) Situation Report -1 (4-4-2020)
Yangon,26,2644,4/4/2020,Coronavirus Disease 2019 (COVID-19) Situation Report -2 (5-4-2020)
Yangon,79,3412,7/4/2020,Coronavirus Disease 2019 (COVID-19) Situation Report -3 (7-4-2020)
Yangon,81,3405,9/4/2020,Coronavirus Disease 2019 (COVID-19) Situation Report 4 (9-4-2020)
Yangon,81,3066,10/4/2020,Coronavirus Disease 2019 (COVID-19) Situation Report 5 (10-4-2020)
Yangon,81,2763,11/4/2020,Coronavirus Disease 2019 (COVID-19) Situation Report 6 (10-4-2020)
Yangon,84,2598,12/4/2020,Coronavirus Disease 2019 (COVID-19) Situation Report 7 (12-4-2020)
Yangon,84,2598,13/4/2020,Coronavirus Disease 2019 (COVID-19) Situation Report 8 (13-4-2020)
Yangon,82,2505,14/4/2020,Coronavirus Disease 2019 (COVID-19) Situation Report 9 (14-4-2020)
Yangon,77,2568,15/4/2020,Coronavirus Disease 2019 (COVID-19) Situation Report 10 (15-4-2020)
Yangon,78,2622,16/4/2020,Coronavirus Disease 2019 (COVID-19) Situation Report 11 (16-4-2020)
Yangon,22,1329,18/4/2020,Coronavirus Disease 2019 (COVID-19) Situation Report 12 (18-4-2020)
Yangon,22,1329,19/4/2020,Coronavirus Disease 2019 (COVID-19) Situation Report 13 (19-4-2020)
Yangon,22,1361,20/4/2020,Coronavirus Disease 2019 (COVID-19) Situation Report 14 (20-4-2020)
Ayeyarwaddy,240,839,21/4/2020,Coronavirus Disease 2019 (COVID-19) Situation Report 15 (21-4-2020)
Bago,644,3659,21/4/2020,Coronavirus Disease 2019 (COVID-19) Situation Report 15 (21-4-2020)
Chin,33,133,21/4/2020,Coronavirus Disease 2019 (COVID-19) Situation Report 15 (21-4-2020)
Kachin,408,5082,21/4/2020,Coronavirus Disease 2019 (COVID-19) Situation Report 15 (21-4-2020)
Kayah,18,138,21/4/2020,Coronavirus Disease 2019 (COVID-19) Situation Report 15 (21-4-2020)
Kayin,425,2913,21/4/2020,Coronavirus Disease 2019 (COVID-19) Situation Report 15 (21-4-2020)
Magway,1755,8754,21/4/2020,Coronavirus Disease 2019 (COVID-19) Situation Report 15 (21-4-2020)
Mandalay,762,3814,21/4/2020,Coronavirus Disease 2019 (COVID-19) Situation Report 15 (21-4-2020)
Mon,149,1784,21/4/2020,Coronavirus Disease 2019 (COVID-19) Situation Report 15 (21-4-2020)
Naypyitaw,3,1035,21/4/2020,Coronavirus Disease 2019 (COVID-19) Situation Report 15 (21-4-2020)
Rakhine,162,985,21/4/2020,Coronavirus Disease 2019 (COVID-19) Situation Report 15 (21-4-2020)
Sagaing,1468,7116,21/4/2020,Coronavirus Disease 2019 (COVID-19) Situation Report 15 (21-4-2020)
Shan (E),39,1458,21/4/2020,Coronavirus Disease 2019 (COVID-19) Situation Report 15 (21-4-2020)
Shan (N),233,2189,21/4/2020,Coronavirus Disease 2019 (COVID-19) Situation Report 15 (21-4-2020)
Shan (S),219,1660,21/4/2020,Coronavirus Disease 2019 (COVID-19) Situation Report 15 (21-4-2020)
Tanintharyi,228,633,21/4/2020,Coronavirus Disease 2019 (COVID-19) Situation Report 15 (21-4-2020)
Yangon,22,1346,21/4/2020,Coronavirus Disease 2019 (COVID-19) Situation Report 15 (21-4-2020)
Ayeyarwaddy,240,825,22/4/2020,Coronavirus Disease 2019 (COVID-19) Situation Report 16 (22-4-2020)
Bago,578,3577,22/4/2020,Coronavirus Disease 2019 (COVID-19) Situation Report 16 (22-4-2020)
Chin,33,133,22/4/2020,Coronavirus Disease 2019 (COVID-19) Situation Report 16 (22-4-2020)
Kachin,421,5404,22/4/2020,Coronavirus Disease 2019 (COVID-19) Situation Report 16 (22-4-2020)
Kayah,18,152,22/4/2020,Coronavirus Disease 2019 (COVID-19) Situation Report 16 (22-4-2020)
Kayin,425,3212,22/4/2020,Coronavirus Disease 2019 (COVID-19) Situation Report 16 (22-4-2020)
Magway,1754,8595,22/4/2020,Coronavirus Disease 2019 (COVID-19) Situation Report 16 (22-4-2020)
Mandalay,705,3403,22/4/2020,Coronavirus Disease 2019 (COVID-19) Situation Report 16 (22-4-2020)
Mon,486,1628,22/4/2020,Coronavirus Disease 2019 (COVID-19) Situation Report 16 (22-4-2020)
Naypyitaw,3,1018,22/4/2020,Coronavirus Disease 2019 (COVID-19) Situation Report 16 (22-4-2020)
Rakhine,165,1087,22/4/2020,Coronavirus Disease 2019 (COVID-19) Situation Report 16 (22-4-2020)
Sagaing,1468,7291,22/4/2020,Coronavirus Disease 2019 (COVID-19) Situation Report 16 (22-4-2020)
Shan (E),41,896,22/4/2020,Coronavirus Disease 2019 (COVID-19) Situation Report 16 (22-4-2020)
Shan (N),245,2250,22/4/2020,Coronavirus Disease 2019 (COVID-19) Situation Report 16 (22-4-2020)
Shan (S),426,1510,22/4/2020,Coronavirus Disease 2019 (COVID-19) Situation Report 16 (22-4-2020)
Tanintharyi,228,578,22/4/2020,Coronavirus Disease 2019 (COVID-19) Situation Report 16 (22-4-2020)
Yangon,22,781,22/4/2020,Coronavirus Disease 2019 (COVID-19) Situation Report 16 (22-4-2020)
Ayeyarwaddy,249,832,23/4/2020,Coronavirus Disease 2019 (COVID-19) Situation Report 17 (23-4-2020)
Bago,578,3577,23/4/2020,Coronavirus Disease 2019 (COVID-19) Situation Report 17 (23-4-2020)
Chin,33,163,23/4/2020,Coronavirus Disease 2019 (COVID-19) Situation Report 17 (23-4-2020)
Kachin,428,5483,23/4/2020,Coronavirus Disease 2019 (COVID-19) Situation Report 17 (23-4-2020)
Kayah,18,176,23/4/2020,Coronavirus Disease 2019 (COVID-19) Situation Report 17 (23-4-2020)
Kayin,424,1505,23/4/2020,Coronavirus Disease 2019 (COVID-19) Situation Report 17 (23-4-2020)
Magway,1755,7890,23/4/2020,Coronavirus Disease 2019 (COVID-19) Situation Report 17 (23-4-2020)
Mandalay,678,3183,23/4/2020,Coronavirus Disease 2019 (COVID-19) Situation Report 17 (23-4-2020)
Mon,98,970,23/4/2020,Coronavirus Disease 2019 (COVID-19) Situation Report 17 (23-4-2020)
Naypyitaw,3,1076,23/4/2020,Coronavirus Disease 2019 (COVID-19) Situation Report 17 (23-4-2020)
Rakhine,165,1078,23/4/2020,Coronavirus Disease 2019 (COVID-19) Situation Report 17 (23-4-2020)
Sagaing,1468,7409,23/4/2020,Coronavirus Disease 2019 (COVID-19) Situation Report 17 (23-4-2020)
Shan (E),37,1637,23/4/2020,Coronavirus Disease 2019 (COVID-19) Situation Report 17 (23-4-2020)
Shan (N),430,1310,23/4/2020,Coronavirus Disease 2019 (COVID-19) Situation Report 17 (23-4-2020)
Shan (S),430,1320,23/4/2020,Coronavirus Disease 2019 (COVID-19) Situation Report 17 (23-4-2020)
Tanintharyi,228,502,23/4/2020,Coronavirus Disease 2019 (COVID-19) Situation Report 17 (23-4-2020)
Yangon,21,844,23/4/2020,Coronavirus Disease 2019 (COVID-19) Situation Report 17 (23-4-2020)
Ayeyarwaddy,408,2109,24/4/2020,Coronavirus Disease 2019 (COVID-19) Situation Report 18 (24-4-2020)
Bago,566,3499,24/4/2020,Coronavirus Disease 2019 (COVID-19) Situation Report 18 (24-4-2020)
Chin,33,163,24/4/2020,Coronavirus Disease 2019 (COVID-19) Situation Report 18 (24-4-2020)
Kachin,438,5266,24/4/2020,Coronavirus Disease 2019 (COVID-19) Situation Report 18 (24-4-2020)
Kay,374,1106,24/4/2020,Coronavirus Disease 2019 (COVID-19) Situation Report 18 (24-4-2020)
Kayah,24,203,24/4/2020,Coronavirus Disease 2019 (COVID-19) Situation Report 18 (24-4-2020)
Magway,1755,7890,24/4/2020,Coronavirus Disease 2019 (COVID-19) Situation Report 18 (24-4-2020)
Mandalay,584,3061,24/4/2020,Coronavirus Disease 2019 (COVID-19) Situation Report 18 (24-4-2020)
Mon,90,909,24/4/2020,Coronavirus Disease 2019 (COVID-19) Situation Report 18 (24-4-2020)
Naypyitaw,11,1178,24/4/2020,Coronavirus Disease 2019 (COVID-19) Situation Report 18 (24-4-2020)
Rakhine,162,1796,24/4/2020,Coronavirus Disease 2019 (COVID-19) Situation Report 18 (24-4-2020)
Sagaing,1633,7506,24/4/2020,Coronavirus Disease 2019 (COVID-19) Situation Report 18 (24-4-2020)
Shan (E),39,1641,24/4/2020,Coronavirus Disease 2019 (COVID-19) Situation Report 18 (24-4-2020)
Shan (N),271,2076,24/4/2020,Coronavirus Disease 2019 (COVID-19) Situation Report 18 (24-4-2020)
Shan (S),183,1265,24/4/2020,Coronavirus Disease 2019 (COVID-19) Situation Report 18 (24-4-2020)
Tanintharyi,228,508,24/4/2020,Coronavirus Disease 2019 (COVID-19) Situation Report 18 (24-4-2020)
Yangon,13,637,24/4/2020,Coronavirus Disease 2019 (COVID-19) Situation Report 18 (24-4-2020)
Ayeyarwaddy,527,3101,25/4/2020,Coronavirus Disease 2019 (COVID-19) Situation Report 19 (25-4-2020)
Bago,521,2902,25/4/2020,Coronavirus Disease 2019 (COVID-19) Situation Report 19 (25-4-2020)
Chin,33,186,25/4/2020,Coronavirus Disease 2019 (COVID-19) Situation Report 19 (25-4-2020)
Kachin,455,5350,25/4/2020,Coronavirus Disease 2019 (COVID-19) Situation Report 19 (25-4-2020)
Kayah,24,222,25/4/2020,Coronavirus Disease 2019 (COVID-19) Situation Report 19 (25-4-2020)
Kayin,371,1029,25/4/2020,Coronavirus Disease 2019 (COVID-19) Situation Report 19 (25-4-2020)
Magway,1755,7439,25/4/2020,Coronavirus Disease 2019 (COVID-19) Situation Report 19 (25-4-2020)
Mandalay,580,2998,25/4/2020,Coronavirus Disease 2019 (COVID-19) Situation Report 19 (25-4-2020)
Mon,68,794,25/4/2020,Coronavirus Disease 2019 (COVID-19) Situation Report 19 (25-4-2020)
Naypyitaw,11,1225,25/4/2020,Coronavirus Disease 2019 (COVID-19) Situation Report 19 (25-4-2020)
Rakhine,162,1802,25/4/2020,Coronavirus Disease 2019 (COVID-19) Situation Report 19 (25-4-2020)
Sagaing,1633,7673,25/4/2020,Coronavirus Disease 2019 (COVID-19) Situation Report 19 (25-4-2020)
Shan (E),39,1638,25/4/2020,Coronavirus Disease 2019 (COVID-19) Situation Report 19 (25-4-2020)
Shan (N),281,2736,25/4/2020,Coronavirus Disease 2019 (COVID-19) Situation Report 19 (25-4-2020)
Shan (S),176,1178,25/4/2020,Coronavirus Disease 2019 (COVID-19) Situation Report 19 (25-4-2020)
Tanintharyi,228,697,25/4/2020,Coronavirus Disease 2019 (COVID-19) Situation Report 19 (25-4-2020)
Yangon,12,602,25/4/2020,Coronavirus Disease 2019 (COVID-19) Situation Report 19 (25-4-2020)
Ayeyarwaddy,693,4430,26/4/2020,Coronavirus Disease 2019 (COVID-19) Situation Report 20 (26-4-2020)
Bago,490,2728,26/4/2020,Coronavirus Disease 2019 (COVID-19) Situation Report 20 (26-4-2020)
Chin,33,194,26/4/2020,Coronavirus Disease 2019 (COVID-19) Situation Report 20 (26-4-2020)
Kachin,461,5478,26/4/2020,Coronavirus Disease 2019 (COVID-19) Situation Report 20 (26-4-2020)
Kayah,24,237,26/4/2020,Coronavirus Disease 2019 (COVID-19) Situation Report 20 (26-4-2020)
Kayin,370,1012,26/4/2020,Coronavirus Disease 2019 (COVID-19) Situation Report 20 (26-4-2020)
Magway,1755,7439,26/4/2020,Coronavirus Disease 2019 (COVID-19) Situation Report 20 (26-4-2020)
Mandalay,562,2985,26/4/2020,Coronavirus Disease 2019 (COVID-19) Situation Report 20 (26-4-2020)
Mon,59,710,26/4/2020,Coronavirus Disease 2019 (COVID-19) Situation Report 20 (26-4-2020)
Naypyitaw,11,1240,26/4/2020,Coronavirus Disease 2019 (COVID-19) Situation Report 20 (26-4-2020)
Rakhine,207,1789,26/4/2020,Coronavirus Disease 2019 (COVID-19) Situation Report 20 (26-4-2020)
Sagaing,1633,7573,26/4/2020,Coronavirus Disease 2019 (COVID-19) Situation Report 20 (26-4-2020)
Shan (E),39,1596,26/4/2020,Coronavirus Disease 2019 (COVID-19) Situation Report 20 (26-4-2020)
Shan (N),282,2758,26/4/2020,Coronavirus Disease 2019 (COVID-19) Situation Report 20 (26-4-2020)
Shan (S),161,1101,26/4/2020,Coronavirus Disease 2019 (COVID-19) Situation Report 20 (26-4-2020)
Tanintharyi,228,738,26/4/2020,Coronavirus Disease 2019 (COVID-19) Situation Report 20 (26-4-2020)
Yangon,12,663,26/4/2020,Coronavirus Disease 2019 (COVID-19) Situation Report 20 (26-4-2020)
Ayeyarwaddy,897,4536,28/4/2020,Coronavirus Disease 2019 (COVID-19) Situation Report 21 (28-4-2020)
Bago,470,2645,28/4/2020,Coronavirus Disease 2019 (COVID-19) Situation Report 21 (28-4-2020)
Chin,33,199,28/4/2020,Coronavirus Disease 2019 (COVID-19) Situation Report 21 (28-4-2020)
Kachin,476,5291,28/4/2020,Coronavirus Disease 2019 (COVID-19) Situation Report 21 (28-4-2020)
Kayah,24,246,28/4/2020,Coronavirus Disease 2019 (COVID-19) Situation Report 21 (28-4-2020)
Kayin,344,782,28/4/2020,Coronavirus Disease 2019 (COVID-19) Situation Report 21 (28-4-2020)
Magway,2650,6178,28/4/2020,Coronavirus Disease 2019 (COVID-19) Situation Report 21 (28-4-2020)
Mandalay,594,3201,28/4/2020,Coronavirus Disease 2019 (COVID-19) Situation Report 21 (28-4-2020)
Mon,39,480,28/4/2020,Coronavirus Disease 2019 (COVID-19) Situation Report 21 (28-4-2020)
Naypyitaw,11,1217,28/4/2020,Coronavirus Disease 2019 (COVID-19) Situation Report 21 (28-4-2020)
Rakhine,201,1735,28/4/2020,Coronavirus Disease 2019 (COVID-19) Situation Report 21 (28-4-2020)
Sagaing,1958,7365,28/4/2020,Coronavirus Disease 2019 (COVID-19) Situation Report 21 (28-4-2020)
Shan (E),39,1568,28/4/2020,Coronavirus Disease 2019 (COVID-19) Situation Report 21 (28-4-2020)
Shan (N),282,3055,28/4/2020,Coronavirus Disease 2019 (COVID-19) Situation Report 21 (28-4-2020)
Shan (S),157,910,28/4/2020,Coronavirus Disease 2019 (COVID-19) Situation Report 21 (28-4-2020)
Tanintharyi,228,680,28/4/2020,Coronavirus Disease 2019 (COVID-19) Situation Report 21 (28-4-2020)
Yangon,56,1365,28/4/2020,Coronavirus Disease 2019 (COVID-19) Situation Report 21 (28-4-2020)
Ayeyarwaddy,897,4605,29/4/2020,Coronavirus Disease 2019 (COVID-19) Situation Report 22 (29-4-2020)
Bago,452,2529,29/4/2020,Coronavirus Disease 2019 (COVID-19) Situation Report 22 (29-4-2020)
Chin,36,201,29/4/2020,Coronavirus Disease 2019 (COVID-19) Situation Report 22 (29-4-2020)
Kachin,483,5277,29/4/2020,Coronavirus Disease 2019 (COVID-19) Situation Report 22 (29-4-2020)
Kayah,24,252,29/4/2020,Coronavirus Disease 2019 (COVID-19) Situation Report 22 (29-4-2020)
Kayin,342,779,29/4/2020,Coronavirus Disease 2019 (COVID-19) Situation Report 22 (29-4-2020)
Magway,2690,6178,29/4/2020,Coronavirus Disease 2019 (COVID-19) Situation Report 22 (29-4-2020)
Mandalay,628,3494,29/4/2020,Coronavirus Disease 2019 (COVID-19) Situation Report 22 (29-4-2020)
Mon,35,463,29/4/2020,Coronavirus Disease 2019 (COVID-19) Situation Report 22 (29-4-2020)
Naypyitaw,11,1236,29/4/2020,Coronavirus Disease 2019 (COVID-19) Situation Report 22 (29-4-2020)
Rakhine,195,1758,29/4/2020,Coronavirus Disease 2019 (COVID-19) Situation Report 22 (29-4-2020)
Sagaing,1859,7371,29/4/2020,Coronavirus Disease 2019 (COVID-19) Situation Report 22 (29-4-2020)
Shan (E),39,1390,29/4/2020,Coronavirus Disease 2019 (COVID-19) Situation Report 22 (29-4-2020)
Shan (N),297,3108,29/4/2020,Coronavirus Disease 2019 (COVID-19) Situation Report 22 (29-4-2020)
Shan (S),157,828,29/4/2020,Coronavirus Disease 2019 (COVID-19) Situation Report 22 (29-4-2020)
Tanintharyi,228,629,29/4/2020,Coronavirus Disease 2019 (COVID-19) Situation Report 22 (29-4-2020)
Yangon,56,1340,29/4/2020,Coronavirus Disease 2019 (COVID-19) Situation Report 22 (29-4-2020)
Ayeyarwaddy,1053,4776,30/4/2020,Coronavirus Disease 2019 (COVID-19) Situation Report 23 (30-4-2020)
Bago,451,2598,30/4/2020,Coronavirus Disease 2019 (COVID-19) Situation Report 23 (30-4-2020)
Chin,36,206,30/4/2020,Coronavirus Disease 2019 (COVID-19) Situation Report 23 (30-4-2020)
Kachin,492,5288,30/4/2020,Coronavirus Disease 2019 (COVID-19) Situation Report 23 (30-4-2020)
Kayah,15,228,30/4/2020,Coronavirus Disease 2019 (COVID-19) Situation Report 23 (30-4-2020)
Kayin,342,640,30/4/2020,Coronavirus Disease 2019 (COVID-19) Situation Report 23 (30-4-2020)
Magway,2306,6637,30/4/2020,Coronavirus Disease 2019 (COVID-19) Situation Report 23 (30-4-2020)
Mandalay,674,3760,30/4/2020,Coronavirus Disease 2019 (COVID-19) Situation Report 23 (30-4-2020)
Mon,29,330,30/4/2020,Coronavirus Disease 2019 (COVID-19) Situation Report 23 (30-4-2020)
Naypyitaw,19,1226,30/4/2020,Coronavirus Disease 2019 (COVID-19) Situation Report 23 (30-4-2020)
Rakhine,187,1730,30/4/2020,Coronavirus Disease 2019 (COVID-19) Situation Report 23 (30-4-2020)
Sagaing,1992,7806,30/4/2020,Coronavirus Disease 2019 (COVID-19) Situation Report 23 (30-4-2020)
Shan (E),39,1116,30/4/2020,Coronavirus Disease 2019 (COVID-19) Situation Report 23 (30-4-2020)
Shan (N),289,2861,30/4/2020,Coronavirus Disease 2019 (COVID-19) Situation Report 23 (30-4-2020)
Shan (S),155,778,30/4/2020,Coronavirus Disease 2019 (COVID-19) Situation Report 23 (30-4-2020)
Tanintharyi,228,684,30/4/2020,Coronavirus Disease 2019 (COVID-19) Situation Report 23 (30-4-2020)
Yangon,56,1348,30/4/2020,Coronavirus Disease 2019 (COVID-19) Situation Report 23 (30-4-2020)
Ayeyarwaddy,1115,4879,1/5/2020,Coronavirus Disease 2019 (COVID-19) Situation Report 24 (1-5-2020)
Bago,439,2505,1/5/2020,Coronavirus Disease 2019 (COVID-19) Situation Report 24 (1-5-2020)
Chin,36,198,1/5/2020,Coronavirus Disease 2019 (COVID-19) Situation Report 24 (1-5-2020)
Kachin,501,5500,1/5/2020,Coronavirus Disease 2019 (COVID-19) Situation Report 24 (1-5-2020)
Kayah,15,238,1/5/2020,Coronavirus Disease 2019 (COVID-19) Situation Report 24 (1-5-2020)
Kayin,346,428,1/5/2020,Coronavirus Disease 2019 (COVID-19) Situation Report 24 (1-5-2020)
Magway,2306,6778,1/5/2020,Coronavirus Disease 2019 (COVID-19) Situation Report 24 (1-5-2020)
Mandalay,701,4057,1/5/2020,Coronavirus Disease 2019 (COVID-19) Situation Report 24 (1-5-2020)
Mon,29,320,1/5/2020,Coronavirus Disease 2019 (COVID-19) Situation Report 24 (1-5-2020)
Naypyitaw,19,1236,1/5/2020,Coronavirus Disease 2019 (COVID-19) Situation Report 24 (1-5-2020)
Rakhine,187,1730,1/5/2020,Coronavirus Disease 2019 (COVID-19) Situation Report 24 (1-5-2020)
Sagaing,2034,8229,1/5/2020,Coronavirus Disease 2019 (COVID-19) Situation Report 24 (1-5-2020)
Shan (E),39,1088,1/5/2020,Coronavirus Disease 2019 (COVID-19) Situation Report 24 (1-5-2020)
Shan (N),294,2617,1/5/2020,Coronavirus Disease 2019 (COVID-19) Situation Report 24 (1-5-2020)
Shan (S),155,727,1/5/2020,Coronavirus Disease 2019 (COVID-19) Situation Report 24 (1-5-2020)
Tanintharyi,134,754,1/5/2020,Coronavirus Disease 2019 (COVID-19) Situation Report 24 (1-5-2020)
Yangon,47,986,1/5/2020,Coronavirus Disease 2019 (COVID-19) Situation Report 24 (1-5-2020)
Ayeyarwaddy,1129,4699,2/5/2020,Coronavirus Disease 2019 (COVID-19) Situation Report 25 (2-5-2020)
Bago,408,2324,2/5/2020,Coronavirus Disease 2019 (COVID-19) Situation Report 25 (2-5-2020)
Chin,18,257,2/5/2020,Coronavirus Disease 2019 (COVID-19) Situation Report 25 (2-5-2020)
Kachin,509,5519,2/5/2020,Coronavirus Disease 2019 (COVID-19) Situation Report 25 (2-5-2020)
Kayah,15,277,2/5/2020,Coronavirus Disease 2019 (COVID-19) Situation Report 25 (2-5-2020)
Kayin,246,392,2/5/2020,Coronavirus Disease 2019 (COVID-19) Situation Report 25 (2-5-2020)
Magway,2306,6778,2/5/2020,Coronavirus Disease 2019 (COVID-19) Situation Report 25 (2-5-2020)
Mandalay,754,4415,2/5/2020,Coronavirus Disease 2019 (COVID-19) Situation Report 25 (2-5-2020)
Mon,25,306,2/5/2020,Coronavirus Disease 2019 (COVID-19) Situation Report 25 (2-5-2020)
Naypyitaw,39,1072,2/5/2020,Coronavirus Disease 2019 (COVID-19) Situation Report 25 (2-5-2020)
Rakhine,192,1802,2/5/2020,Coronavirus Disease 2019 (COVID-19) Situation Report 25 (2-5-2020)
Sagaing,2078,8639,2/5/2020,Coronavirus Disease 2019 (COVID-19) Situation Report 25 (2-5-2020)
Shan (E),41,980,2/5/2020,Coronavirus Disease 2019 (COVID-19) Situation Report 25 (2-5-2020)
Shan (N),297,2423,2/5/2020,Coronavirus Disease 2019 (COVID-19) Situation Report 25 (2-5-2020)
Shan (S),134,859,2/5/2020,Coronavirus Disease 2019 (COVID-19) Situation Report 25 (2-5-2020)
Tanintharyi,114,701,2/5/2020,Coronavirus Disease 2019 (COVID-19) Situation Report 25 (2-5-2020)
Yangon,19,1270,2/5/2020,Coronavirus Disease 2019 (COVID-19) Situation Report 25 (2-5-2020)
Ayeyarwaddy,1053,4773,3/5/2020,Coronavirus Disease 2019 (COVID-19) Situation Report 26 (3-5-2020)
Bago,408,2324,3/5/2020,Coronavirus Disease 2019 (COVID-19) Situation Report 26 (3-5-2020)
Chin,18,315,3/5/2020,Coronavirus Disease 2019 (COVID-19) Situation Report 26 (3-5-2020)
Kachin,518,5755,3/5/2020,Coronavirus Disease 2019 (COVID-19) Situation Report 26 (3-5-2020)
Kayah,15,263,3/5/2020,Coronavirus Disease 2019 (COVID-19) Situation Report 26 (3-5-2020)
Kayin,367,231,3/5/2020,Coronavirus Disease 2019 (COVID-19) Situation Report 26 (3-5-2020)
Magway,2306,6778,3/5/2020,Coronavirus Disease 2019 (COVID-19) Situation Report 26 (3-5-2020)
Mandalay,776,4535,3/5/2020,Coronavirus Disease 2019 (COVID-19) Situation Report 26 (3-5-2020)
Mon,23,283,3/5/2020,Coronavirus Disease 2019 (COVID-19) Situation Report 26 (3-5-2020)
Naypyitaw,19,1305,3/5/2020,Coronavirus Disease 2019 (COVID-19) Situation Report 26 (3-5-2020)
Rakhine,209,2036,3/5/2020,Coronavirus Disease 2019 (COVID-19) Situation Report 26 (3-5-2020)
Sagaing,2012,8660,3/5/2020,Coronavirus Disease 2019 (COVID-19) Situation Report 26 (3-5-2020)
Shan (E),39,480,3/5/2020,Coronavirus Disease 2019 (COVID-19) Situation Report 26 (3-5-2020)
Shan (N),311,2371,3/5/2020,Coronavirus Disease 2019 (COVID-19) Situation Report 26 (3-5-2020)
Shan (S),111,711,3/5/2020,Coronavirus Disease 2019 (COVID-19) Situation Report 26 (3-5-2020)
Tanintharyi,134,807,3/5/2020,Coronavirus Disease 2019 (COVID-19) Situation Report 26 (3-5-2020)
Yangon,41,958,3/5/2020,Coronavirus Disease 2019 (COVID-19) Situation Report 26 (3-5-2020)
Ayeyarwaddy,1063,4885,4/5/2020,Coronavirus Disease 2019 (COVID-19) Situation Report 27 (4-5-2020)
Bago,421,2451,4/5/2020,Coronavirus Disease 2019 (COVID-19) Situation Report 27 (4-5-2020)
Chin,25,294,4/5/2020,Coronavirus Disease 2019 (COVID-19) Situation Report 27 (4-5-2020)
Kachin,524,5954,4/5/2020,Coronavirus Disease 2019 (COVID-19) Situation Report 27 (4-5-2020)
Kayah,18,275,4/5/2020,Coronavirus Disease 2019 (COVID-19) Situation Report 27 (4-5-2020)
Kayin,366,275,4/5/2020,Coronavirus Disease 2019 (COVID-19) Situation Report 27 (4-5-2020)
Magway,2306,6778,4/5/2020,Coronavirus Disease 2019 (COVID-19) Situation Report 27 (4-5-2020)
Mandalay,794,4840,4/5/2020,Coronavirus Disease 2019 (COVID-19) Situation Report 27 (4-5-2020)
Mon,22,271,4/5/2020,Coronavirus Disease 2019 (COVID-19) Situation Report 27 (4-5-2020)
Naypyitaw,19,1339,4/5/2020,Coronavirus Disease 2019 (COVID-19) Situation Report 27 (4-5-2020)
Rakhine,227,2204,4/5/2020,Coronavirus Disease 2019 (COVID-19) Situation Report 27 (4-5-2020)
Sagaing,2011,9039,4/5/2020,Coronavirus Disease 2019 (COVID-19) Situation Report 27 (4-5-2020)
Shan (E),39,495,4/5/2020,Coronavirus Disease 2019 (COVID-19) Situation Report 27 (4-5-2020)
Shan (N),311,2371,4/5/2020,Coronavirus Disease 2019 (COVID-19) Situation Report 27 (4-5-2020)
Shan (S),110,702,4/5/2020,Coronavirus Disease 2019 (COVID-19) Situation Report 27 (4-5-2020)
Tanintharyi,134,743,4/5/2020,Coronavirus Disease 2019 (COVID-19) Situation Report 27 (4-5-2020)
Yangon,43,1144,4/5/2020,Coronavirus Disease 2019 (COVID-19) Situation Report 27 (4-5-2020)
Ayeyarwaddy,1137,5176,5/5/2020,Coronavirus Disease 2019 (COVID-19) Situation Report 28 (5-5-2020)
Bago,442,2564,5/5/2020,Coronavirus Disease 2019 (COVID-19) Situation Report 28 (5-5-2020)
Chin,25,308,5/5/2020,Coronavirus Disease 2019 (COVID-19) Situation Report 28 (5-5-2020)
Kachin,533,6227,5/5/2020,Coronavirus Disease 2019 (COVID-19) Situation Report 28 (5-5-2020)
Kayah,17,271,5/5/2020,Coronavirus Disease 2019 (COVID-19) Situation Report 28 (5-5-2020)
Kayin,65,317,5/5/2020,Coronavirus Disease 2019 (COVID-19) Situation Report 28 (5-5-2020)
Magway,2470,6975,5/5/2020,Coronavirus Disease 2019 (COVID-19) Situation Report 28 (5-5-2020)
Mandalay,845,5229,5/5/2020,Coronavirus Disease 2019 (COVID-19) Situation Report 28 (5-5-2020)
Mon,21,218,5/5/2020,Coronavirus Disease 2019 (COVID-19) Situation Report 28 (5-5-2020)
Naypyitaw,19,1365,5/5/2020,Coronavirus Disease 2019 (COVID-19) Situation Report 28 (5-5-2020)
Rakhine,243,2378,5/5/2020,Coronavirus Disease 2019 (COVID-19) Situation Report 28 (5-5-2020)
Sagaing,2021,9467,5/5/2020,Coronavirus Disease 2019 (COVID-19) Situation Report 28 (5-5-2020)
Shan (E),39,582,5/5/2020,Coronavirus Disease 2019 (COVID-19) Situation Report 28 (5-5-2020)
Shan (N),320,2441,5/5/2020,Coronavirus Disease 2019 (COVID-19) Situation Report 28 (5-5-2020)
Shan (S),110,826,5/5/2020,Coronavirus Disease 2019 (COVID-19) Situation Report 28 (5-5-2020)
Tanintharyi,134,808,5/5/2020,Coronavirus Disease 2019 (COVID-19) Situation Report 28 (5-5-2020)
Yangon,45,1102,5/5/2020,Coronavirus Disease 2019 (COVID-19) Situation Report 28 (5-5-2020)
Ayeyarwaddy,1137,5176,6/5/2020,Coronavirus Disease 2019 (COVID-19) Situation Report 29 (6-5-2020)
Bago,442,2564,6/5/2020,Coronavirus Disease 2019 (COVID-19) Situation Report 29 (6-5-2020)
Chin,25,308,6/5/2020,Coronavirus Disease 2019 (COVID-19) Situation Report 29 (6-5-2020)
Kachin,533,6227,6/5/2020,Coronavirus Disease 2019 (COVID-19) Situation Report 29 (6-5-2020)
Kayah,17,271,6/5/2020,Coronavirus Disease 2019 (COVID-19) Situation Report 29 (6-5-2020)
Kayin,65,317,6/5/2020,Coronavirus Disease 2019 (COVID-19) Situation Report 29 (6-5-2020)
Magway,2470,6975,6/5/2020,Coronavirus Disease 2019 (COVID-19) Situation Report 29 (6-5-2020)
Mandalay,845,5229,6/5/2020,Coronavirus Disease 2019 (COVID-19) Situation Report 29 (6-5-2020)
Mon,21,218,6/5/2020,Coronavirus Disease 2019 (COVID-19) Situation Report 29 (6-5-2020)
Naypyitaw,19,1365,6/5/2020,Coronavirus Disease 2019 (COVID-19) Situation Report 29 (6-5-2020)
Rakhine,243,2378,6/5/2020,Coronavirus Disease 2019 (COVID-19) Situation Report 29 (6-5-2020)
Sagaing,2021,9467,6/5/2020,Coronavirus Disease 2019 (COVID-19) Situation Report 29 (6-5-2020)
Shan (E),39,582,6/5/2020,Coronavirus Disease 2019 (COVID-19) Situation Report 29 (6-5-2020)
Shan (N),320,2441,6/5/2020,Coronavirus Disease 2019 (COVID-19) Situation Report 29 (6-5-2020)
Shan (S),110,826,6/5/2020,Coronavirus Disease 2019 (COVID-19) Situation Report 29 (6-5-2020)
Tanintharyi,134,808,6/5/2020,Coronavirus Disease 2019 (COVID-19) Situation Report 29 (6-5-2020)
Yangon,45,1102,6/5/2020,Coronavirus Disease 2019 (COVID-19) Situation Report 29 (6-5-2020)
Ayeyarwaddy,1259,5840,7/5/2020,Coronavirus Disease 2019 (COVID-19) Situation Report 30 (7-5-2020)
Bago,474,2695,7/5/2020,Coronavirus Disease 2019 (COVID-19) Situation Report 30 (7-5-2020)
Chin,19,343,7/5/2020,Coronavirus Disease 2019 (COVID-19) Situation Report 30 (7-5-2020)
Kachin,548,6906,7/5/2020,Coronavirus Disease 2019 (COVID-19) Situation Report 30 (7-5-2020)
Kayah,17,286,7/5/2020,Coronavirus Disease 2019 (COVID-19) Situation Report 30 (7-5-2020)
Kayin,73,302,7/5/2020,Coronavirus Disease 2019 (COVID-19) Situation Report 30 (7-5-2020)
Magway,2516,8025,7/5/2020,Coronavirus Disease 2019 (COVID-19) Situation Report 30 (7-5-2020)
Mandalay,964,6123,7/5/2020,Coronavirus Disease 2019 (COVID-19) Situation Report 30 (7-5-2020)
Mon,23,199,7/5/2020,Coronavirus Disease 2019 (COVID-19) Situation Report 30 (7-5-2020)
Naypyitaw,19,1454,7/5/2020,Coronavirus Disease 2019 (COVID-19) Situation Report 30 (7-5-2020)
Rakhine,243,2378,7/5/2020,Coronavirus Disease 2019 (COVID-19) Situation Report 30 (7-5-2020)
Sagaing,2059,10177,7/5/2020,Coronavirus Disease 2019 (COVID-19) Situation Report 30 (7-5-2020)
Shan (E),39,610,7/5/2020,Coronavirus Disease 2019 (COVID-19) Situation Report 30 (7-5-2020)
Shan (N),323,2529,7/5/2020,Coronavirus Disease 2019 (COVID-19) Situation Report 30 (7-5-2020)
Shan (S),108,884,7/5/2020,Coronavirus Disease 2019 (COVID-19) Situation Report 30 (7-5-2020)
Tanintharyi,134,832,7/5/2020,Coronavirus Disease 2019 (COVID-19) Situation Report 30 (7-5-2020)
Yangon,46,1156,7/5/2020,Coronavirus Disease 2019 (COVID-19) Situation Report 30 (7-5-2020)
Ayeyarwaddy,1300,6022,8/5/2020,Coronavirus Disease 2019 (COVID-19) Situation Report 31 (8-5-2020)
Bago,491,2901,8/5/2020,Coronavirus Disease 2019 (COVID-19) Situation Report 31 (8-5-2020)
Chin,19,352,8/5/2020,Coronavirus Disease 2019 (COVID-19) Situation Report 31 (8-5-2020)
Kachin,556,6822,8/5/2020,Coronavirus Disease 2019 (COVID-19) Situation Report 31 (8-5-2020)
Kayh,18,292,8/5/2020,Coronavirus Disease 2019 (COVID-19) Situation Report 31 (8-5-2020)
Kayin,77,315,8/5/2020,Coronavirus Disease 2019 (COVID-19) Situation Report 31 (8-5-2020)
Magway,2546,8899,8/5/2020,Coronavirus Disease 2019 (COVID-19) Situation Report 31 (8-5-2020)
Mandalay,1017,6304,8/5/2020,Coronavirus Disease 2019 (COVID-19) Situation Report 31 (8-5-2020)
Mon,24,201,8/5/2020,Coronavirus Disease 2019 (COVID-19) Situation Report 31 (8-5-2020)
Naypyitaw,19,1486,8/5/2020,Coronavirus Disease 2019 (COVID-19) Situation Report 31 (8-5-2020)
Rakhine,324,2960,8/5/2020,Coronavirus Disease 2019 (COVID-19) Situation Report 31 (8-5-2020)
Sagaing,2058,10456,8/5/2020,Coronavirus Disease 2019 (COVID-19) Situation Report 31 (8-5-2020)
Shan (E),39,675,8/5/2020,Coronavirus Disease 2019 (COVID-19) Situation Report 31 (8-5-2020)
Shan (N),323,2529,8/5/2020,Coronavirus Disease 2019 (COVID-19) Situation Report 31 (8-5-2020)
Shan (S),108,932,8/5/2020,Coronavirus Disease 2019 (COVID-19) Situation Report 31 (8-5-2020)
Tanintharyi,134,850,8/5/2020,Coronavirus Disease 2019 (COVID-19) Situation Report 31 (8-5-2020)
Yangon,44,1088,8/5/2020,Coronavirus Disease 2019 (COVID-19) Situation Report 31 (8-5-2020)
Ayeyarwaddy,1397,6621,9/5/2020,Coronavirus Disease 2019 (COVID-19) Situation Report 32 (9-5-2020)
Bago,488,3015,9/5/2020,Coronavirus Disease 2019 (COVID-19) Situation Report 32 (9-5-2020)
Chin,29,369,9/5/2020,Coronavirus Disease 2019 (COVID-19) Situation Report 32 (9-5-2020)
Kachin,559,6748,9/5/2020,Coronavirus Disease 2019 (COVID-19) Situation Report 32 (9-5-2020)
Kayah,18,295,9/5/2020,Coronavirus Disease 2019 (COVID-19) Situation Report 32 (9-5-2020)
Kayin,75,317,9/5/2020,Coronavirus Disease 2019 (COVID-19) Situation Report 32 (9-5-2020)
Magway,2549,9619,9/5/2020,Coronavirus Disease 2019 (COVID-19) Situation Report 32 (9-5-2020)
Mandalay,1060,6533,9/5/2020,Coronavirus Disease 2019 (COVID-19) Situation Report 32 (9-5-2020)
Mon,27,206,9/5/2020,Coronavirus Disease 2019 (COVID-19) Situation Report 32 (9-5-2020)
Naypyitaw,19,1515,9/5/2020,Coronavirus Disease 2019 (COVID-19) Situation Report 32 (9-5-2020)
Rakhine,361,3209,9/5/2020,Coronavirus Disease 2019 (COVID-19) Situation Report 32 (9-5-2020)
Sagaing,2068,10622,9/5/2020,Coronavirus Disease 2019 (COVID-19) Situation Report 32 (9-5-2020)
Shan (E),39,680,9/5/2020,Coronavirus Disease 2019 (COVID-19) Situation Report 32 (9-5-2020)
Shan (N),326,2555,9/5/2020,Coronavirus Disease 2019 (COVID-19) Situation Report 32 (9-5-2020)
Shan (S),108,957,9/5/2020,Coronavirus Disease 2019 (COVID-19) Situation Report 32 (9-5-2020)
Tanintharyi,134,923,9/5/2020,Coronavirus Disease 2019 (COVID-19) Situation Report 32 (9-5-2020)
Yangon,47,1425,9/5/2020,Coronavirus Disease 2019 (COVID-19) Situation Report 32 (9-5-2020)
Ayeyarwaddy,1481,7335,10/5/2020,Coronavirus Disease 2019 (COVID-19) Situation Report 33 (10-5-2020)
Bago,497,3152,10/5/2020,Coronavirus Disease 2019 (COVID-19) Situation Report 33 (10-5-2020)
Chin,30,394,10/5/2020,Coronavirus Disease 2019 (COVID-19) Situation Report 33 (10-5-2020)
Kachin,563,6766,10/5/2020,Coronavirus Disease 2019 (COVID-19) Situation Report 33 (10-5-2020)
Kayah,18,303,10/5/2020,Coronavirus Disease 2019 (COVID-19) Situation Report 33 (10-5-2020)
Kayin,78,323,10/5/2020,Coronavirus Disease 2019 (COVID-19) Situation Report 33 (10-5-2020)
Magway,2549,9619,10/5/2020,Coronavirus Disease 2019 (COVID-19) Situation Report 33 (10-5-2020)
Mandalay,1089,6970,10/5/2020,Coronavirus Disease 2019 (COVID-19) Situation Report 33 (10-5-2020)
Mon,31,227,10/5/2020,Coronavirus Disease 2019 (COVID-19) Situation Report 33 (10-5-2020)
Naypyitaw,19,1536,10/5/2020,Coronavirus Disease 2019 (COVID-19) Situation Report 33 (10-5-2020)
Rakhine,399,3507,10/5/2020,Coronavirus Disease 2019 (COVID-19) Situation Report 33 (10-5-2020)
Sagaing,2069,10722,10/5/2020,Coronavirus Disease 2019 (COVID-19) Situation Report 33 (10-5-2020)
Shan (E),39,688,10/5/2020,Coronavirus Disease 2019 (COVID-19) Situation Report 33 (10-5-2020)
Shan (N),326,2598,10/5/2020,Coronavirus Disease 2019 (COVID-19) Situation Report 33 (10-5-2020)
Shan (S),108,996,10/5/2020,Coronavirus Disease 2019 (COVID-19) Situation Report 33 (10-5-2020)
Tanintharyi,134,970,10/5/2020,Coronavirus Disease 2019 (COVID-19) Situation Report 33 (10-5-2020)
Yangon,48,1684,10/5/2020,Coronavirus Disease 2019 (COVID-19) Situation Report 33 (10-5-2020)
Ayeyarwaddy,1493,7589,11/5/2020,Coronavirus Disease 2019 (COVID-19) Situation Report 34 (11-5-2020)
Bago,509,3245,11/5/2020,Coronavirus Disease 2019 (COVID-19) Situation Report 34 (11-5-2020)
Chin,30,379,11/5/2020,Coronavirus Disease 2019 (COVID-19) Situation Report 34 (11-5-2020)
Kachin,569,6723,11/5/2020,Coronavirus Disease 2019 (COVID-19) Situation Report 34 (11-5-2020)
Kayah,18,309,11/5/2020,Coronavirus Disease 2019 (COVID-19) Situation Report 34 (11-5-2020)
Kayin,76,374,11/5/2020,Coronavirus Disease 2019 (COVID-19) Situation Report 34 (11-5-2020)
Magway,2661,10349,11/5/2020,Coronavirus Disease 2019 (COVID-19) Situation Report 34 (11-5-2020)
Mandalay,1077,7101,11/5/2020,Coronavirus Disease 2019 (COVID-19) Situation Report 34 (11-5-2020)
Mon,35,265,11/5/2020,Coronavirus Disease 2019 (COVID-19) Situation Report 34 (11-5-2020)
Naypyitaw,19,1560,11/5/2020,Coronavirus Disease 2019 (COVID-19) Situation Report 34 (11-5-2020)
Rakhine,438,3694,11/5/2020,Coronavirus Disease 2019 (COVID-19) Situation Report 34 (11-5-2020)
Sagaing,2069,10668,11/5/2020,Coronavirus Disease 2019 (COVID-19) Situation Report 34 (11-5-2020)
Shan (E),39,713,11/5/2020,Coronavirus Disease 2019 (COVID-19) Situation Report 34 (11-5-2020)
Shan (N),326,2487,11/5/2020,Coronavirus Disease 2019 (COVID-19) Situation Report 34 (11-5-2020)
Shan (S),114,1018,11/5/2020,Coronavirus Disease 2019 (COVID-19) Situation Report 34 (11-5-2020)
Tanintharyi,134,985,11/5/2020,Coronavirus Disease 2019 (COVID-19) Situation Report 34 (11-5-2020)
Yangon,47,1803,11/5/2020,Coronavirus Disease 2019 (COVID-19) Situation Report 34 (11-5-2020)
Ayeyarwaddy,154,7599,12/5/2020,Coronavirus Disease 2019 (COVID-19) Situation Report 35 (12-5-2020)
Bago,522,3216,12/5/2020,Coronavirus Disease 2019 (COVID-19) Situation Report 35 (12-5-2020)
Chin,31,384,12/5/2020,Coronavirus Disease 2019 (COVID-19) Situation Report 35 (12-5-2020)
Kachin,577,6697,12/5/2020,Coronavirus Disease 2019 (COVID-19) Situation Report 35 (12-5-2020)
Kayah,18,258,12/5/2020,Coronavirus Disease 2019 (COVID-19) Situation Report 35 (12-5-2020)
Kayin,83,385,12/5/2020,Coronavirus Disease 2019 (COVID-19) Situation Report 35 (12-5-2020)
Magway,2661,10349,12/5/2020,Coronavirus Disease 2019 (COVID-19) Situation Report 35 (12-5-2020)
Mandalay,1067,7057,12/5/2020,Coronavirus Disease 2019 (COVID-19) Situation Report 35 (12-5-2020)
Mon,37,258,12/5/2020,Coronavirus Disease 2019 (COVID-19) Situation Report 35 (12-5-2020)
Naypyitaw,19,1561,12/5/2020,Coronavirus Disease 2019 (COVID-19) Situation Report 35 (12-5-2020)
Rakhine,465,3271,12/5/2020,Coronavirus Disease 2019 (COVID-19) Situation Report 35 (12-5-2020)
Sagaing,2069,10757,12/5/2020,Coronavirus Disease 2019 (COVID-19) Situation Report 35 (12-5-2020)
Shan (E),39,426,12/5/2020,Coronavirus Disease 2019 (COVID-19) Situation Report 35 (12-5-2020)
Shan (N),326,2415,12/5/2020,Coronavirus Disease 2019 (COVID-19) Situation Report 35 (12-5-2020)
Shan (S),114,1044,12/5/2020,Coronavirus Disease 2019 (COVID-19) Situation Report 35 (12-5-2020)
Tanintharyi,134,990,12/5/2020,Coronavirus Disease 2019 (COVID-19) Situation Report 35 (12-5-2020)
Yangon,47,1955,12/5/2020,Coronavirus Disease 2019 (COVID-19) Situation Report 35 (12-5-2020)
Ayeyarwaddy,1540,7599,13/5/2020,Coronavirus Disease 2019 (COVID-19) Situation Report 36 (13-5-2020)
Bago,522,3216,13/5/2020,Coronavirus Disease 2019 (COVID-19) Situation Report 36 (13-5-2020)
Chin,19,352,13/5/2020,Coronavirus Disease 2019 (COVID-19) Situation Report 36 (13-5-2020)
Kachin,583,6700,13/5/2020,Coronavirus Disease 2019 (COVID-19) Situation Report 36 (13-5-2020)
Kayah,18,239,13/5/2020,Coronavirus Disease 2019 (COVID-19) Situation Report 36 (13-5-2020)
Kayin,88,454,13/5/2020,Coronavirus Disease 2019 (COVID-19) Situation Report 36 (13-5-2020)
Magway,2685,10604,13/5/2020,Coronavirus Disease 2019 (COVID-19) Situation Report 36 (13-5-2020)
Mandalay,1118,7108,13/5/2020,Coronavirus Disease 2019 (COVID-19) Situation Report 36 (13-5-2020)
Mon,36,246,13/5/2020,Coronavirus Disease 2019 (COVID-19) Situation Report 36 (13-5-2020)
Naypyitaw,19,1453,13/5/2020,Coronavirus Disease 2019 (COVID-19) Situation Report 36 (13-5-2020)
Rakhine,465,3271,13/5/2020,Coronavirus Disease 2019 (COVID-19) Situation Report 36 (13-5-2020)
Sagaing,2076,10648,13/5/2020,Coronavirus Disease 2019 (COVID-19) Situation Report 36 (13-5-2020)
Shan (E),39,426,13/5/2020,Coronavirus Disease 2019 (COVID-19) Situation Report 36 (13-5-2020)
Shan (N),206,1426,13/5/2020,Coronavirus Disease 2019 (COVID-19) Situation Report 36 (13-5-2020)
Shan (S),114,1069,13/5/2020,Coronavirus Disease 2019 (COVID-19) Situation Report 36 (13-5-2020)
Tanintharyi,134,1040,13/5/2020,Coronavirus Disease 2019 (COVID-19) Situation Report 36 (13-5-2020)
Yangon,47,1955,13/5/2020,Coronavirus Disease 2019 (COVID-19) Situation Report 36 (13-5-2020)
